{"train_loss_step": 4.8515625, "ec1___a_train_accuracy_step": 0.5199999809265137, "ec1___a_train_f1score_step": 0.5300043225288391, "ec1___a_train_precision_step": 0.6301414370536804, "ec1___a_train_recall_step": 0.5199999809265137, "ec1___b_train_accuracy_step": 0.5400000214576721, "ec1___b_train_f1score_step": 0.5653507709503174, "ec1___b_train_precision_step": 0.6289458274841309, "ec1___b_train_recall_step": 0.5400000214576721, "ec2___a_train_accuracy_step": 0.2199999988079071, "ec2___a_train_f1score_step": 0.21494263410568237, "ec2___a_train_precision_step": 0.22678571939468384, "ec2___a_train_recall_step": 0.2199999988079071, "ec2___b_train_accuracy_step": 0.25999999046325684, "ec2___b_train_f1score_step": 0.23402756452560425, "ec2___b_train_precision_step": 0.21549999713897705, "ec2___b_train_recall_step": 0.25999999046325684, "ec3___a_train_accuracy_step": 0.12121211737394333, "ec3___a_train_f1score_step": 0.10815951228141785, "ec3___a_train_precision_step": 0.1090909093618393, "ec3___a_train_recall_step": 0.12121211737394333, "ec3___b_train_accuracy_step": 0.1818181872367859, "ec3___b_train_f1score_step": 0.17932352423667908, "ec3___b_train_precision_step": 0.24009138345718384, "ec3___b_train_recall_step": 0.1818181872367859, "pair_match___a___b_train_accuracy_step": 0.6100000143051147, "pair_match___a___b_train_f1score_step": 0.5981385707855225, "pair_match___a___b_train_precision_step": 0.6573529243469238, "pair_match___a___b_train_recall_step": 0.6100000143051147, "epoch": 0, "trainer/global_step": 899, "_timestamp": 1745630398.0036266, "_runtime": 718.4251365661621, "_step": 17, "_wandb": {"runtime": 723}}