{"train_loss_step": 0.68212890625, "ec1___a_train_accuracy_step": 0.9599999785423279, "ec1___a_train_f1score_step": 0.9611705541610718, "ec1___a_train_precision_step": 0.9667391777038574, "ec1___a_train_recall_step": 0.9599999785423279, "ec1___b_train_accuracy_step": 0.9799999594688416, "ec1___b_train_f1score_step": 0.9810720682144165, "ec1___b_train_precision_step": 0.9847618341445923, "ec1___b_train_recall_step": 0.9799999594688416, "ec2___a_train_accuracy_step": 0.9699999690055847, "ec2___a_train_f1score_step": 0.9803624749183655, "ec2___a_train_precision_step": 0.9950000047683716, "ec2___a_train_recall_step": 0.9699999690055847, "ec2___b_train_accuracy_step": 0.9799998998641968, "ec2___b_train_f1score_step": 0.9830408692359924, "ec2___b_train_precision_step": 0.9909999966621399, "ec2___b_train_recall_step": 0.9799998998641968, "ec3___a_train_accuracy_step": 0.9599999785423279, "ec3___a_train_f1score_step": 0.9642676711082458, "ec3___a_train_precision_step": 0.9803332686424255, "ec3___a_train_recall_step": 0.9599999785423279, "ec3___b_train_accuracy_step": 0.9399999976158142, "ec3___b_train_f1score_step": 0.931999921798706, "ec3___b_train_precision_step": 0.9316666126251221, "ec3___b_train_recall_step": 0.9399999976158142, "pair_match___a___b_train_accuracy_step": 0.7000000476837158, "pair_match___a___b_train_f1score_step": 0.698317289352417, "pair_match___a___b_train_precision_step": 0.7248862981796265, "pair_match___a___b_train_recall_step": 0.7000000476837158, "product_atoms_ec1___a_train_accuracy_step": 0.9562044143676758, "product_atoms_ec1___a_train_f1score_step": 0.9579637050628662, "product_atoms_ec1___a_train_precision_step": 0.9630680084228516, "product_atoms_ec1___a_train_recall_step": 0.9562044143676758, "product_atoms_ec1___b_train_accuracy_step": 0.9720373153686523, "product_atoms_ec1___b_train_f1score_step": 0.9740250706672668, "product_atoms_ec1___b_train_precision_step": 0.9778524041175842, "product_atoms_ec1___b_train_recall_step": 0.9720373153686523, "product_atoms_ec1___c_train_accuracy_step": 0.8199512958526611, "product_atoms_ec1___c_train_f1score_step": 0.8460400700569153, "product_atoms_ec1___c_train_precision_step": 0.8968926668167114, "product_atoms_ec1___c_train_recall_step": 0.8199512958526611, "product_atoms_ec1___d_train_accuracy_step": 0.8122503757476807, "product_atoms_ec1___d_train_f1score_step": 0.8549988269805908, "product_atoms_ec1___d_train_precision_step": 0.9239833354949951, "product_atoms_ec1___d_train_recall_step": 0.8122503757476807, "product_atoms_ec2___a_train_accuracy_step": 0.9549878239631653, "product_atoms_ec2___a_train_f1score_step": 0.9646231532096863, "product_atoms_ec2___a_train_precision_step": 0.9775816202163696, "product_atoms_ec2___a_train_recall_step": 0.9549878239631653, "product_atoms_ec2___b_train_accuracy_step": 0.9693741798400879, "product_atoms_ec2___b_train_f1score_step": 0.9750206470489502, "product_atoms_ec2___b_train_precision_step": 0.9848906397819519, "product_atoms_ec2___b_train_recall_step": 0.9693741798400879, "product_atoms_ec2___c_train_accuracy_step": 0.7737226486206055, "product_atoms_ec2___c_train_f1score_step": 0.8133665323257446, "product_atoms_ec2___c_train_precision_step": 0.8777768611907959, "product_atoms_ec2___c_train_recall_step": 0.7737226486206055, "product_atoms_ec2___d_train_accuracy_step": 0.6884154081344604, "product_atoms_ec2___d_train_f1score_step": 0.7233200073242188, "product_atoms_ec2___d_train_precision_step": 0.8193355202674866, "product_atoms_ec2___d_train_recall_step": 0.6884154081344604, "product_atoms_ec3___a_train_accuracy_step": 0.9197080135345459, "product_atoms_ec3___a_train_f1score_step": 0.9394316673278809, "product_atoms_ec3___a_train_precision_step": 0.9745302200317383, "product_atoms_ec3___a_train_recall_step": 0.9197080135345459, "product_atoms_ec3___b_train_accuracy_step": 0.9267643094062805, "product_atoms_ec3___b_train_f1score_step": 0.9344815015792847, "product_atoms_ec3___b_train_precision_step": 0.9544406533241272, "product_atoms_ec3___b_train_recall_step": 0.9267643094062805, "product_atoms_ec3___c_train_accuracy_step": 0.7250608205795288, "product_atoms_ec3___c_train_f1score_step": 0.7657467722892761, "product_atoms_ec3___c_train_precision_step": 0.8468893766403198, "product_atoms_ec3___c_train_recall_step": 0.7250608205795288, "product_atoms_ec3___d_train_accuracy_step": 0.6284953355789185, "product_atoms_ec3___d_train_f1score_step": 0.6601452231407166, "product_atoms_ec3___d_train_precision_step": 0.7934966683387756, "product_atoms_ec3___d_train_recall_step": 0.6284953355789185, "epoch": 27, "trainer/global_step": 16649, "_timestamp": 1693341805.3268847, "_runtime": 23289.242426633835, "_step": 1763, "val_loss_step": 2.599609375, "ec1___a_val_accuracy_step": 0.9574467539787292, "ec1___a_val_f1score_step": 0.9733374118804932, "ec1___a_val_precision_step": 0.9920212030410767, "ec1___a_val_recall_step": 0.9574467539787292, "ec1___b_val_accuracy_step": 0.9574467539787292, "ec1___b_val_f1score_step": 0.9682927131652832, "ec1___b_val_precision_step": 0.980899453163147, "ec1___b_val_recall_step": 0.9574467539787292, "ec2___a_val_accuracy_step": 0.936170220375061, "ec2___a_val_f1score_step": 0.9478959441184998, "ec2___a_val_precision_step": 0.9680850505828857, "ec2___a_val_recall_step": 0.936170220375061, "ec2___b_val_accuracy_step": 0.9468084573745728, "ec2___b_val_f1score_step": 0.9586269855499268, "ec2___b_val_precision_step": 0.9848608374595642, "ec2___b_val_recall_step": 0.9468084573745728, "ec3___a_val_accuracy_step": 0.8829787373542786, "ec3___a_val_f1score_step": 0.8934533596038818, "ec3___a_val_precision_step": 0.9134750962257385, "ec3___a_val_recall_step": 0.8829787373542786, "ec3___b_val_accuracy_step": 0.9042553305625916, "ec3___b_val_f1score_step": 0.9140831232070923, "ec3___b_val_precision_step": 0.9308510422706604, "ec3___b_val_recall_step": 0.9042553305625916, "pair_match___a___b_val_accuracy_step": 0.7021276950836182, "pair_match___a___b_val_f1score_step": 0.7057833671569824, "pair_match___a___b_val_precision_step": 0.7618744373321533, "pair_match___a___b_val_recall_step": 0.7021276950836182, "product_atoms_ec1___a_val_accuracy_step": 0.9632352590560913, "product_atoms_ec1___a_val_f1score_step": 0.9714698791503906, "product_atoms_ec1___a_val_precision_step": 0.980876624584198, "product_atoms_ec1___a_val_recall_step": 0.9632352590560913, "product_atoms_ec1___b_val_accuracy_step": 0.9409547448158264, "product_atoms_ec1___b_val_f1score_step": 0.9451205134391785, "product_atoms_ec1___b_val_precision_step": 0.9557799696922302, "product_atoms_ec1___b_val_recall_step": 0.9409547448158264, "product_atoms_ec1___c_val_accuracy_step": 0.8058823943138123, "product_atoms_ec1___c_val_f1score_step": 0.8232376575469971, "product_atoms_ec1___c_val_precision_step": 0.8442006707191467, "product_atoms_ec1___c_val_recall_step": 0.8058823943138123, "product_atoms_ec1___d_val_accuracy_step": 0.8090451955795288, "product_atoms_ec1___d_val_f1score_step": 0.839555561542511, "product_atoms_ec1___d_val_precision_step": 0.892642080783844, "product_atoms_ec1___d_val_recall_step": 0.8090451955795288, "product_atoms_ec2___a_val_accuracy_step": 0.8661764860153198, "product_atoms_ec2___a_val_f1score_step": 0.8870091438293457, "product_atoms_ec2___a_val_precision_step": 0.9205389618873596, "product_atoms_ec2___a_val_recall_step": 0.8661764860153198, "product_atoms_ec2___b_val_accuracy_step": 0.910804033279419, "product_atoms_ec2___b_val_f1score_step": 0.9265915155410767, "product_atoms_ec2___b_val_precision_step": 0.9661004543304443, "product_atoms_ec2___b_val_recall_step": 0.910804033279419, "product_atoms_ec2___c_val_accuracy_step": 0.7441176772117615, "product_atoms_ec2___c_val_f1score_step": 0.7793452739715576, "product_atoms_ec2___c_val_precision_step": 0.8458104133605957, "product_atoms_ec2___c_val_recall_step": 0.7441176772117615, "product_atoms_ec2___d_val_accuracy_step": 0.8241205215454102,