{"train_loss_step": 1.4296875, "node_mask___a_train_accuracy_step": 0.4433811902999878, "node_mask___a_train_f1score_step": 0.38968321681022644, "node_mask___a_train_precision_step": 0.3849482238292694, "node_mask___a_train_recall_step": 0.4433811902999878, "edge_mask___a_train_accuracy_step": 0.7374680638313293, "edge_mask___a_train_f1score_step": 0.711839497089386, "edge_mask___a_train_precision_step": 0.7072399854660034, "edge_mask___a_train_recall_step": 0.7374680638313293, "epoch": 0, "trainer/global_step": 680, "_timestamp": 1745622889.672103, "_runtime": 208.92919898033142, "_step": 88, "val_loss_step": 1.2265625, "node_mask___a_val_accuracy_step": 0.53125, "node_mask___a_val_f1score_step": 0.4621508717536926, "node_mask___a_val_precision_step": 0.4427083432674408, "node_mask___a_val_recall_step": 0.53125, "edge_mask___a_val_accuracy_step": 0.7586206793785095, "edge_mask___a_val_f1score_step": 0.7305213212966919, "edge_mask___a_val_precision_step": 0.715405285358429, "edge_mask___a_val_recall_step": 0.7586206793785095, "val_loss_epoch": 1.3281874656677246, "node_mask___a_val_accuracy_epoch": 0.492329478263855, "node_mask___a_val_f1score_epoch": 0.4224468469619751, "node_mask___a_val_precision_epoch": 0.41858622431755066, "node_mask___a_val_recall_epoch": 0.492329478263855, "edge_mask___a_val_accuracy_epoch": 0.7529224157333374, "edge_mask___a_val_f1score_epoch": 0.7114117741584778, "edge_mask___a_val_precision_epoch": 0.7022092342376709, "edge_mask___a_val_recall_epoch": 0.7529224157333374, "train_loss_epoch": 1.9340146780014038, "node_mask___a_train_accuracy_epoch": 0.41599220037460327, "node_mask___a_train_f1score_epoch": 0.3562595248222351, "node_mask___a_train_precision_epoch": 0.35664618015289307, "node_mask___a_train_recall_epoch": 0.41599220037460327, "edge_mask___a_train_accuracy_epoch": 0.6589388251304626, "edge_mask___a_train_f1score_epoch": 0.6478381156921387, "edge_mask___a_train_precision_epoch": 0.6567422151565552, "edge_mask___a_train_recall_epoch": 0.6589388251304626, "_wandb": {"runtime": 211}}