{"train_loss_step": 3.546875, "ec1___a_train_accuracy_step": 0.14999999105930328, "ec1___a_train_f1score_step": 0.146025612950325, "ec1___a_train_precision_step": 0.16600877046585083, "ec1___a_train_recall_step": 0.14999999105930328, "ec2___a_train_accuracy_step": 0.09090909361839294, "ec2___a_train_f1score_step": 0.06955412775278091, "ec2___a_train_precision_step": 0.0646260604262352, "ec2___a_train_recall_step": 0.09090909361839294, "ec3___a_train_accuracy_step": 0.040816325694322586, "ec3___a_train_f1score_step": 0.030320703983306885, "ec3___a_train_precision_step": 0.02551020309329033, "ec3___a_train_recall_step": 0.040816325694322586, "epoch": 1, "trainer/global_step": 799, "_timestamp": 1745625062.4116147, "_runtime": 209.59525156021118, "_step": 91, "val_loss_step": 3.634765625, "ec1___a_val_accuracy_step": 0.0, "ec1___a_val_f1score_step": 0.0, "ec1___a_val_precision_step": 0.0, "ec1___a_val_recall_step": 0.0, "ec2___a_val_accuracy_step": 0.0, "ec2___a_val_f1score_step": 0.0, "ec2___a_val_precision_step": 0.0, "ec2___a_val_recall_step": 0.0, "ec3___a_val_accuracy_step": 0.0, "ec3___a_val_f1score_step": 0.0, "ec3___a_val_precision_step": 0.0, "ec3___a_val_recall_step": 0.0, "val_loss_epoch": 3.5717411041259766, "ec1___a_val_accuracy_epoch": 0.24510474503040314, "ec1___a_val_f1score_epoch": 0.22684401273727417, "ec1___a_val_precision_epoch": 0.34182924032211304, "ec1___a_val_recall_epoch": 0.24510474503040314, "ec2___a_val_accuracy_epoch": 0.0792323499917984, "ec2___a_val_f1score_epoch": 0.03892235457897186, "ec2___a_val_precision_epoch": 0.060597531497478485, "ec2___a_val_recall_epoch": 0.0792323499917984, "ec3___a_val_accuracy_epoch": 0.046450722962617874, "ec3___a_val_f1score_epoch": 0.03438474237918854, "ec3___a_val_precision_epoch": 0.034247301518917084, "ec3___a_val_recall_epoch": 0.046450722962617874, "train_loss_epoch": 3.8395650386810303, "ec1___a_train_accuracy_epoch": 0.14895960688591003, "ec1___a_train_f1score_epoch": 0.1536862850189209, "ec1___a_train_precision_epoch": 0.26645392179489136, "ec1___a_train_recall_epoch": 0.14895960688591003, "ec2___a_train_accuracy_epoch": 0.046894073486328125, "ec2___a_train_f1score_epoch": 0.03960246592760086, "ec2___a_train_precision_epoch": 0.06587512791156769, "ec2___a_train_recall_epoch": 0.046894073486328125, "ec3___a_train_accuracy_epoch": 0.015116900205612183, "ec3___a_train_f1score_epoch": 0.015183472074568272, "ec3___a_train_precision_epoch": 0.02974354475736618, "ec3___a_train_recall_epoch": 0.015116900205612183, "_wandb": {"runtime": 214}}