{"val_loss_step": 4.859375, "ec4___a_val_accuracy_step": 0.0, "ec4___a_val_f1score_step": 0.0, "ec4___a_val_precision_step": 0.0, "ec4___a_val_recall_step": 0.0, "ec3___a_val_accuracy_step": 0.01666666753590107, "ec3___a_val_f1score_step": 0.0005464480491355062, "ec3___a_val_precision_step": 0.00027777778450399637, "ec3___a_val_recall_step": 0.01666666753590107, "ec2___a_val_accuracy_step": 0.03333333507180214, "ec2___a_val_f1score_step": 0.0021505376789718866, "ec2___a_val_precision_step": 0.0011111111380159855, "ec2___a_val_recall_step": 0.03333333507180214, "ec1___a_val_accuracy_step": 0.10000000149011612, "ec1___a_val_f1score_step": 0.01818181946873665, "ec1___a_val_precision_step": 0.010000000707805157, "ec1___a_val_recall_step": 0.10000000149011612, "module_tag___a_val_accuracy_step": 0.0, "module_tag___a_val_f1score_step": 0.0, "module_tag___a_val_precision_step": 0.0, "module_tag___a_val_recall_step": 0.0, "trainer/global_step": 16, "_timestamp": 1745619406.0702205, "_runtime": 58.445433378219604, "_step": 49, "val_loss_epoch": 4.859375, "ec4___a_val_accuracy_epoch": 0.0, "ec4___a_val_f1score_epoch": 0.0, "ec4___a_val_precision_epoch": 0.0, "ec4___a_val_recall_epoch": 0.0, "ec3___a_val_accuracy_epoch": 0.01666666753590107, "ec3___a_val_f1score_epoch": 0.0005464480491355062, "ec3___a_val_precision_epoch": 0.00027777778450399637, "ec3___a_val_recall_epoch": 0.01666666753590107, "ec2___a_val_accuracy_epoch": 0.03333333507180214, "ec2___a_val_f1score_epoch": 0.0021505376789718866, "ec2___a_val_precision_epoch": 0.0011111111380159855, "ec2___a_val_recall_epoch": 0.03333333507180214, "ec1___a_val_accuracy_epoch": 0.10000000149011612, "ec1___a_val_f1score_epoch": 0.01818181946873665, "ec1___a_val_precision_epoch": 0.010000000707805157, "ec1___a_val_recall_epoch": 0.10000000149011612, "module_tag___a_val_accuracy_epoch": 0.0, "module_tag___a_val_f1score_epoch": 0.0, "module_tag___a_val_precision_epoch": 0.0, "module_tag___a_val_recall_epoch": 0.0, "epoch": 16, "train_loss_epoch": 4.8671875, "ec4___a_train_accuracy_epoch": 0.0, "ec4___a_train_f1score_epoch": 0.0, "ec4___a_train_precision_epoch": 0.0, "ec4___a_train_recall_epoch": 0.0, "ec3___a_train_accuracy_epoch": 0.0, "ec3___a_train_f1score_epoch": 0.0, "ec3___a_train_precision_epoch": 0.0, "ec3___a_train_recall_epoch": 0.0, "ec2___a_train_accuracy_epoch": 0.0, "ec2___a_train_f1score_epoch": 0.0, "ec2___a_train_precision_epoch": 0.0, "ec2___a_train_recall_epoch": 0.0, "ec1___a_train_accuracy_epoch": 0.14035087823867798, "ec1___a_train_f1score_epoch": 0.13707178831100464, "ec1___a_train_precision_epoch": 0.17354926466941833, "ec1___a_train_recall_epoch": 0.14035087823867798, "module_tag___a_train_accuracy_epoch": 0.022727273404598236, "module_tag___a_train_f1score_epoch": 0.00909090880304575, "module_tag___a_train_precision_epoch": 0.005681818351149559, "module_tag___a_train_recall_epoch": 0.022727273404598236, "_wandb": {"runtime": 59}}